{"pckh": [0.0, 0.0, 0.0, 0.0, 0.0, 0.0, 0.0, 0.0, 0.0, 0.0, 0.0, 0.0, 0.0, 0.0, 0.0, 0.0, 0.0, 0.0, 0.0], "AP": [0.0, 0.0, 0.0, 0.0, 0.0, 0.0, 0.0, 0.0, 0.0, 0.0, 0.0, 0.0, 0.0, 0.0, 0.0, 0.0, 0.0, 0.0, 0.0], "AP0.5": [0.0, 0.0, 0.0, 0.0, 0.0, 0.0, 0.0, 0.0, 0.0, 0.0, 0.0, 0.0, 0.0, 0.0, 0.0, 0.0, 0.0, 0.0, 0.0], "AP0.75": [0.0, 0.0, 0.0, 0.0, 0.0, 0.0, 0.0, 0.0, 0.0, 0.0, 0.0, 0.0, 0.0, 0.0, 0.0, 0.0, 0.0, 0.0, 0.0], "AP_2": [0.0, 0.0, 0.0], "AP0.5_2": [0.0, 0.0, 0.0], "AP0.75_2": [0.0, 0.0, 0.0], "names": ["Nose", "RShoulder", "RElbow", "RWrist", "LShoulder", "LElbow", "LWrist", "RHip", "RKnee", "RAnkle", "LHip", "LKnee", "LAnkle", "REye", "LEye", "REar", "LEar", "Total", "Total (COCO)"]}